{
  "mean": 78860.65720955288,
  "std": 1095227.7781140294,
  "max": "200000000",
  "min": "0",
  "median": 0.0,
  "10th": 0.0,
  "20th": 0.0,
  "25th": 0.0,
  "30th": 0.0,
  "40th": 0.0,
  "50th": 0.0,
  "60th": 0.0,
  "70th": 20000.0,
  "75th": 20000.0,
  "80th": 20000.0,
  "90th": 100000.0,
  "99th": 1000000.0
}