{
  "avg_forever": {
    "mean": 200.46726521817203,
    "std": 2143.8169155852306,
    "median": 0.0,
    "max": 230582.0,
    "min": 0.0,
    "10th": 0.0,
    "20th": 0.0,
    "25th": 0.0,
    "30th": 0.0,
    "40th": 0.0,
    "50th": 0.0,
    "60th": 0.0,
    "70th": 0.0,
    "75th": 8.0,
    "80th": 79.0,
    "90th": 303.0,
    "99th": 2922.6600000000035
  },
  "avg_2_weeks": {
    "mean": 18.741282097324476,
    "std": 398.059730455693,
    "median": 0.0,
    "max": 19537.0,
    "min": 0.0,
    "10th": 0.0,
    "20th": 0.0,
    "25th": 0.0,
    "30th": 0.0,
    "40th": 0.0,
    "50th": 0.0,
    "60th": 0.0,
    "70th": 0.0,
    "75th": 0.0,
    "80th": 0.0,
    "90th": 0.0,
    "99th": 252.0
  },
  "median_forever": {
    "mean": 167.7712156581074,
    "std": 2068.7083369690176,
    "median": 0.0,
    "max": 231191.0,
    "min": 0.0,
    "10th": 0.0,
    "20th": 0.0,
    "25th": 0.0,
    "30th": 0.0,
    "40th": 0.0,
    "50th": 0.0,
    "60th": 0.0,
    "70th": 0.0,
    "75th": 8.0,
    "80th": 71.20000000000437,
    "90th": 280.0,
    "99th": 2066.0
  },
  "median_2_weeks": {
    "mean": 19.501562219428983,
    "std": 410.9331740764509,
    "median": 0.0,
    "max": 19537.0,
    "min": 0.0,
    "10th": 0.0,
    "20th": 0.0,
    "25th": 0.0,
    "30th": 0.0,
    "40th": 0.0,
    "50th": 0.0,
    "60th": 0.0,
    "70th": 0.0,
    "75th": 0.0,
    "80th": 0.0,
    "90th": 0.0,
    "99th": 248.0
  }
}