{

  "mean": 10.645807146704973,
  "std": 138.1046375247237,
  "max": "4175",
  "min": "0",
  "median": 1.0,
  "10th": 0.0,
  "20th": 0.0,
  "25th": 0.0,
  "30th": 0.0,
  "40th": 1.0,
  "50th": 1.0,
  "60th": 1.0,
  "70th": 1.0,
  "75th": 1.0,
  "80th": 2.0,
  "90th": 5.0,
  "99th": 197.0
}
