{
  "mean": 0.5682355475025834,
  "std": 0.46339150872009965,
  "max": 1.0,
  "min": 0.0,
  "median": 0.8333333333333334,
  "10th": 0.0,
  "20th": 0.0,
  "25th": 0.0,
  "30th": 0.0,
  "40th": 0.5,
  "50th": 0.8333333333333334,
  "60th": 1.0,
  "70th": 1.0,
  "75th": 1.0,
  "80th": 1.0,
  "90th": 1.0,
  "99th": 1.0
}