{
  "Action": {
    "mean": 0.7280506831741483,
    "std": 0.2484608579763674,
    "max": 1.0,
    "min": 0.0,
    "median": 0.7886735081717978,
    "10th": 0.38235294117647056,
    "20th": 0.5333333333333333,
    "25th": 0.6,
    "30th": 0.6476500193573365,
    "40th": 0.725,
    "50th": 0.7886735081717978,
    "60th": 0.8421052631578947,
    "70th": 0.8947368421052632,
    "75th": 0.9213884430176564,
    "80th": 0.95,
    "90th": 1.0,
    "99th": 1.0
  },
  "Adventure": {
    "mean": 0.7375876576997378,
    "std": 0.23842192659601122,
    "max": 1.0,
    "min": 0.0,
    "median": 0.7962962962962963,
    "10th": 0.4,
    "20th": 0.5582655826558266,
    "25th": 0.6153846153846154,
    "30th": 0.6666666666666666,
    "40th": 0.7350427350427351,
    "50th": 0.7962962962962963,
    "60th": 0.8484320557491289,
    "70th": 0.8984689766317485,
    "75th": 0.9215776716590696,
    "80th": 0.9473684210526315,
    "90th": 1.0,
    "99th": 1.0
  },
  "Indie": {
    "mean": 0.7397820803316196,
    "std": 0.2438848584701302,
    "max": 1.0,
    "min": 0.0,
    "median": 0.8,
    "10th": 0.4,
    "20th": 0.5555555555555556,
    "25th": 0.6179245283018868,
    "30th": 0.6666666666666666,
    "40th": 0.7413793103448276,
    "50th": 0.8,
    "60th": 0.8565264293419633,
    "70th": 0.9044776119402985,
    "75th": 0.9285714285714286,
    "80th": 0.9565217391304348,
    "90th": 1.0,
    "99th": 1.0
  },
  "RPG": {
    "mean": 0.7295030731060225,
    "std": 0.23253828924003747,
    "max": 1.0,
    "min": 0.0,
    "median": 0.7777777777777778,
    "10th": 0.415909090909091,
    "20th": 0.5637301482333074,
    "25th": 0.6111111111111112,
    "30th": 0.6634146341463415,
    "40th": 0.7231166238792563,
    "50th": 0.7777777777777778,
    "60th": 0.8333333333333334,
    "70th": 0.8815830464010493,
    "75th": 0.9063984361716052,
    "80th": 0.9297798286343946,
    "90th": 1.0,
    "99th": 1.0
  },
  "Strategy": {
    "mean": 0.7180719673146548,
    "std": 0.24136996175870282,
    "max": 1.0,
    "min": 0.0,
    "median": 0.7692307692307693,
    "10th": 0.3963235294117648,
    "20th": 0.5365853658536586,
    "25th": 0.5978829718180343,
    "30th": 0.6363636363636364,
    "40th": 0.7105263157894737,
    "50th": 0.7692307692307693,
    "60th": 0.8230880311024715,
    "70th": 0.8740906152670858,
    "75th": 0.9,
    "80th": 0.9264694106172833,
    "90th": 1.0,
    "99th": 1.0
  },
  "Simulation": {
    "mean": 0.691941889707487,
    "std": 0.2446389433711337,
    "max": 1.0,
    "min": 0.0,
    "median": 0.7464788732394366,
    "10th": 0.3333333333333333,
    "20th": 0.5,
    "25th": 0.5544030770758915,
    "30th": 0.6,
    "40th": 0.6692307692307692,
    "50th": 0.7464788732394366,
    "60th": 0.8,
    "70th": 0.855139742361625,
    "75th": 0.8794532704956035,
    "80th": 0.9076923076923077,
    "90th": 0.9742545479860939,
    "99th": 1.0
  },
  "Casual": {
    "mean": 0.740123694996306,
    "std": 0.2534866842747736,
    "max": 1.0,
    "min": 0.0,
    "median": 0.8002360085551383,
    "10th": 0.3870967741935484,
    "20th": 0.5454545454545454,
    "25th": 0.6086956521739131,
    "30th": 0.6666666666666666,
    "40th": 0.7435897435897436,
    "50th": 0.8002360085551383,
    "60th": 0.863013698630137,
    "70th": 0.9166666666666666,
    "75th": 0.9441534321784175,
    "80th": 0.9743589743589743,
    "90th": 1.0,
    "99th": 1.0
  },
  "Free to Play": {
    "mean": 0.7207862779141616,
    "std": 0.17808173796517096,
    "max": 1.0,
    "min": 0.0,
    "median": 0.7456297624383684,
    "10th": 0.4832344817560692,
    "20th": 0.5714285714285714,
    "25th": 0.6003869623455872,
    "30th": 0.6341463414634146,
    "40th": 0.6915460156620931,
    "50th": 0.7456297624383684,
    "60th": 0.7967018026550206,
    "70th": 0.8398929440389293,
    "75th": 0.8600427350427351,
    "80th": 0.8841495041952708,
    "90th": 0.9301898706034062,
    "99th": 1.0
  },
  "Massively Multiplayer": {
    "mean": 0.6290803152035965,
    "std": 0.20633006841358753,
    "max": 1.0,
    "min": 0.0,
    "median": 0.6486761896096807,
    "10th": 0.3749254473161034,
    "20th": 0.48083844969090866,
    "25th": 0.5091915464609191,
    "30th": 0.5458748064587481,
    "40th": 0.6,
    "50th": 0.6486761896096807,
    "60th": 0.6927613526570048,
    "70th": 0.7471029131993893,
    "75th": 0.7724656666141168,
    "80th": 0.8000311243677863,
    "90th": 0.8667089265301882,
    "99th": 1.0
  },
  "Early Access": {
    "mean": 0.7046080287970428,
    "std": 0.26849144612091286,
    "max": 1.0,
    "min": 0.0,
    "median": 0.76,
    "10th": 0.3333333333333333,
    "20th": 0.5,
    "25th": 0.5555555555555556,
    "30th": 0.6017065419594874,
    "40th": 0.6875,
    "50th": 0.76,
    "60th": 0.8333333333333334,
    "70th": 0.8909730324204748,
    "75th": 0.9237804878048781,
    "80th": 0.9594692189608361,
    "90th": 1.0,
    "99th": 1.0
  },
  "Education": {
    "mean": 0.6828921801542994,
    "std": 0.2870925151424459,
    "max": 1.0,
    "min": 0.0,
    "median": 0.75,
    "10th": 0.26857142857142857,
    "20th": 0.5,
    "25th": 0.5081967213114754,
    "30th": 0.5833333333333334,
    "40th": 0.6666666666666666,
    "50th": 0.75,
    "60th": 0.8159090909090909,
    "70th": 0.8683333333333333,
    "75th": 0.9090909090909091,
    "80th": 0.9608187134502926,
    "90th": 1.0,
    "99th": 1.0
  },
  "Racing": {
    "mean": 0.6993092896898195,
    "std": 0.254841691038094,
    "max": 1.0,
    "min": 0.0,
    "median": 0.7511187154514346,
    "10th": 0.3333333333333333,
    "20th": 0.5,
    "25th": 0.5555555555555556,
    "30th": 0.6051222433594025,
    "40th": 0.6756344130389932,
    "50th": 0.7511187154514346,
    "60th": 0.8125,
    "70th": 0.8666666666666667,
    "75th": 0.8950151333978535,
    "80th": 0.9250181671089447,
    "90th": 1.0,
    "99th": 1.0
  },
  "Sports": {
    "mean": 0.6966729824438339,
    "std": 0.251230393833613,
    "max": 1.0,
    "min": 0.0,
    "median": 0.75,
    "10th": 0.3333333333333333,
    "20th": 0.5,
    "25th": 0.5714285714285714,
    "30th": 0.6150801704891415,
    "40th": 0.68,
    "50th": 0.75,
    "60th": 0.8,
    "70th": 0.8571428571428571,
    "75th": 0.8846153846153846,
    "80th": 0.9151343705799151,
    "90th": 1.0,
    "99th": 1.0
  },
  "Animation & Modeling": {
    "mean": 0.7049177162868526,
    "std": 0.2406323530762326,
    "max": 1.0,
    "min": 0.0,
    "median": 0.75,
    "10th": 0.35897342555515105,
    "20th": 0.5134598012646794,
    "25th": 0.5833333333333334,
    "30th": 0.6373015873015873,
    "40th": 0.7069377990430623,
    "50th": 0.75,
    "60th": 0.805007612925055,
    "70th": 0.8534251412429378,
    "75th": 0.8945374800637959,
    "80th": 0.9209917781903417,
    "90th": 0.9707275917065391,
    "99th": 1.0
  },
  "Utilities": {
    "mean": 0.6977122289830758,
    "std": 0.25371513188337974,
    "max": 1.0,
    "min": 0.0,
    "median": 0.7370435016111707,
    "10th": 0.3500877192982456,
    "20th": 0.5,
    "25th": 0.5714285714285714,
    "30th": 0.6162237762237762,
    "40th": 0.6806737588652483,
    "50th": 0.7370435016111707,
    "60th": 0.8,
    "70th": 0.8571428571428571,
    "75th": 0.8877624045801527,
    "80th": 0.9166666666666666,
    "90th": 1.0,
    "99th": 1.0
  },
  "Audio Production": {
    "mean": 0.6718002179835771,
    "std": 0.26369724489324087,
    "max": 1.0,
    "min": 0.0,
    "median": 0.7130434782608696,
    "10th": 0.317948717948718,
    "20th": 0.49201144938849856,
    "25th": 0.5177033492822967,
    "30th": 0.5798245614035088,
    "40th": 0.6646153846153846,
    "50th": 0.7130434782608696,
    "60th": 0.7777777777777778,
    "70th": 0.8333333333333334,
    "75th": 0.8650151668351871,
    "80th": 0.9112727272727275,
    "90th": 1.0,
    "99th": 1.0
  },
  "Video Production": {
    "mean": 0.6774029010671717,
    "std": 0.23246691863302751,
    "max": 1.0,
    "min": 0.0,
    "median": 0.7058823529411765,
    "10th": 0.36767676767676766,
    "20th": 0.5,
    "25th": 0.5273088381330685,
    "30th": 0.5758241758241758,