{
  "mean": 0.7343792370464517,
  "std": 0.24521260779311815,
  "max": 1.0,
  "min": 0.0,
  "median": 0.7968220315383387,
  "10th": 0.4,
  "20th": 0.5473684210526316,
  "25th": 0.6056338028169014,
  "30th": 0.6666666666666666,
  "40th": 0.7331730769230769,
  "50th": 0.7968220315383387,
  "60th": 0.8489723154362417,
  "70th": 0.9,
  "75th": 0.924253862225679,
  "80th": 0.9514563106796117,
  "90th": 1.0,
  "99th": 1.0
}
